elapsed_s,epoch,utc,cpu_utilisation_pct,desired_replicas,current_replicas,ready_replicas,cpu_request
0.0,1790528716.2,17:05:16,2,2,2,2,100m
5.0,1790528721.2,17:05:21,2,2,2,2,100m
10.0,1790528726.2,17:05:26,2,2,2,2,100m
15.0,1790528731.2,17:05:31,2,2,2,2,100m
20.0,1790528736.2,17:05:36,2,2,2,2,100m
25.0,1790528741.2,17:05:41,2,2,2,2,100m
30.0,1790528746.2,17:05:46,5,2,2,2,100m
35.0,1790528751.2,17:05:51,5,2,2,2,100m
40.0,1790528756.2,17:05:56,5,2,2,2,100m
45.0,1790528761.2,17:06:01,15,2,2,2,100m
50.0,1790528766.2,17:06:06,15,2,2,2,100m
55.0,1790528771.2,17:06:11,15,2,2,2,100m
60.0,1790528776.2,17:06:16,14,2,2,2,100m
65.0,1790528781.2,17:06:21,14,2,2,2,100m
70.0,1790528786.2,17:06:26,14,2,2,2,100m
75.0,1790528791.2,17:06:31,12,2,2,2,100m
80.0,1790528796.2,17:06:36,12,2,2,2,100m
85.0,1790528801.2,17:06:41,12,2,2,2,100m
90.0,1790528806.2,17:06:46,21,2,2,2,100m
95.0,1790528811.2,17:06:51,21,2,2,2,100m
100.0,1790528816.2,17:06:56,21,2,2,2,100m
105.0,1790528821.2,17:07:01,179,6,2,2,100m
110.0,1790528826.2,17:07:06,179,6,2,2,100m
115.0,1790528831.2,17:07:11,179,6,2,2,100m
120.0,1790528836.2,17:07:16,304,10,6,6,100m
125.0,1790528841.2,17:07:21,304,10,6,6,100m
130.0,1790528846.2,17:07:26,304,10,6,6,100m
135.0,1790528851.2,17:07:31,500,10,10,10,100m
140.0,1790528856.2,17:07:36,500,10,10,10,100m
145.0,1790528861.2,17:07:41,500,10,10,10,100m
150.0,1790528866.2,17:07:46,246,10,10,10,100m
155.0,1790528871.2,17:07:51,246,10,10,10,100m
160.0,1790528876.2,17:07:56,246,10,10,10,100m
165.0,1790528881.2,17:08:01,98,10,10,10,100m
170.0,1790528886.2,17:08:06,98,10,10,10,100m
175.0,1790528891.2,17:08:11,98,10,10,10,100m
180.0,1790528896.2,17:08:16,66,10,10,10,100m
185.0,1790528901.2,17:08:21,66,10,10,10,100m
190.0,1790528906.2,17:08:26,66,10,10,10,100m
195.0,1790528911.2,17:08:31,67,10,10,10,100m
200.0,1790528916.2,17:08:36,67,10,10,10,100m
205.0,1790528921.2,17:08:41,67,10,10,10,100m
210.0,1790528926.2,17:08:46,64,10,10,10,100m
215.0,1790528931.2,17:08:51,64,10,10,10,100m
220.0,1790528936.2,17:08:56,64,10,10,10,100m
225.0,1790528941.2,17:09:01,62,10,10,10,100m
230.0,1790528946.2,17:09:06,62,10,10,10,100m
235.0,1790528951.2,17:09:11,62,10,10,10,100m
240.0,1790528956.3,17:09:16,63,10,10,10,100m
245.0,1790528961.3,17:09:21,63,10,10,10,100m
250.0,1790528966.3,17:09:26,63,10,10,10,100m
255.0,1790528971.3,17:09:31,65,10,10,10,100m
260.0,1790528976.3,17:09:36,65,10,10,10,100m
265.0,1790528981.3,17:09:41,65,10,10,10,100m
270.0,1790528986.3,17:09:46,65,10,10,10,100m
275.0,1790528991.3,17:09:51,65,10,10,10,100m
280.0,1790528996.3,17:09:56,65,10,10,10,100m
285.0,1790529001.3,17:10:01,68,10,10,10,100m
290.0,1790529006.3,17:10:06,68,10,10,10,100m
295.0,1790529011.3,17:10:11,68,10,10,10,100m
300.0,1790529016.3,17:10:16,220,10,10,10,100m
305.0,1790529021.3,17:10:21,220,10,10,10,100m
310.0,1790529026.3,17:10:26,220,10,10,10,100m
315.0,1790529031.3,17:10:31,163,10,10,10,100m
320.0,1790529036.3,17:10:36,163,10,10,10,100m
325.0,1790529041.3,17:10:41,163,10,10,10,100m
330.0,1790529046.3,17:10:46,137,10,10,10,100m
335.0,1790529051.3,17:10:51,137,10,10,10,100m
340.0,1790529056.3,17:10:56,137,10,10,10,100m
345.0,1790529061.3,17:11:01,88,10,10,10,100m
350.0,1790529066.3,17:11:06,88,10,10,10,100m
355.0,1790529071.3,17:11:11,88,10,10,10,100m
360.0,1790529076.3,17:11:16,44,10,10,10,100m
365.0,1790529081.3,17:11:21,44,10,10,10,100m
370.0,1790529086.3,17:11:26,44,10,10,10,100m
375.0,1790529091.3,17:11:31,6,10,10,10,100m
380.0,1790529096.3,17:11:36,6,10,10,10,100m
385.0,1790529101.3,17:11:41,6,10,10,10,100m
390.0,1790529106.3,17:11:46,4,10,10,10,100m
395.0,1790529111.3,17:11:51,4,10,10,10,100m
400.0,1790529116.3,17:11:56,4,10,10,10,100m
405.0,1790529121.3,17:12:01,4,10,10,10,100m
410.0,1790529126.3,17:12:06,4,10,10,10,100m
415.0,1790529131.3,17:12:11,4,10,10,10,100m
420.0,1790529136.3,17:12:16,4,10,10,10,100m
425.0,1790529141.3,17:12:21,4,10,10,10,100m
430.0,1790529146.3,17:12:26,4,10,10,10,100m
435.0,1790529151.3,17:12:31,2,10,10,10,100m
440.0,1790529156.3,17:12:36,2,10,10,10,100m
445.0,1790529161.3,17:12:41,2,10,10,10,100m
450.0,1790529166.3,17:12:46,2,10,10,10,100m
455.1,1790529171.3,17:12:51,2,10,10,10,100m
460.1,1790529176.3,17:12:56,2,10,10,10,100m
465.1,1790529181.3,17:13:01,2,10,10,10,100m
470.1,1790529186.3,17:13:06,2,10,10,10,100m
475.1,1790529191.3,17:13:11,2,10,10,10,100m
480.1,1790529196.3,17:13:16,2,10,10,10,100m
485.1,1790529201.3,17:13:21,2,10,10,10,100m
490.1,1790529206.3,17:13:26,2,10,10,10,100m
495.1,1790529211.3,17:13:31,2,10,10,10,100m
500.1,1790529216.3,17:13:36,2,10,10,10,100m
505.1,1790529221.3,17:13:41,2,10,10,10,100m
510.1,1790529226.3,17:13:46,2,10,10,10,100m
515.1,1790529231.3,17:13:51,2,10,10,10,100m
520.1,1790529236.3,17:13:56,2,10,10,10,100m
525.1,1790529241.3,17:14:01,2,10,10,10,100m
530.1,1790529246.3,17:14:06,2,10,10,10,100m
535.1,1790529251.3,17:14:11,2,10,10,10,100m
540.1,1790529256.3,17:14:16,2,10,10,10,100m
545.1,1790529261.3,17:14:21,2,10,10,10,100m
550.1,1790529266.3,17:14:26,2,10,10,10,100m
555.1,1790529271.3,17:14:31,2,10,10,10,100m
560.1,1790529276.3,17:14:36,2,10,10,10,100m
565.1,1790529281.3,17:14:41,2,10,10,10,100m
570.1,1790529286.3,17:14:46,2,10,10,10,100m
575.1,1790529291.3,17:14:51,2,10,10,10,100m
580.1,1790529296.3,17:14:56,2,10,10,10,100m
585.1,1790529301.3,17:15:01,2,10,10,10,100m
590.1,1790529306.3,17:15:06,2,10,10,10,100m
595.1,1790529311.3,17:15:11,2,10,10,10,100m
600.1,1790529316.3,17:15:16,2,10,10,10,100m
605.1,1790529321.3,17:15:21,2,10,10,10,100m
610.1,1790529326.3,17:15:26,2,10,10,10,100m
615.1,1790529331.3,17:15:31,2,10,10,10,100m
620.1,1790529336.3,17:15:36,2,10,10,10,100m
625.1,1790529341.3,17:15:41,2,10,10,10,100m
630.1,1790529346.3,17:15:46,2,10,10,10,100m
635.1,1790529351.3,17:15:51,2,10,10,10,100m
640.1,1790529356.3,17:15:56,2,10,10,10,100m
645.1,1790529361.3,17:16:01,2,8,10,8,100m
650.1,1790529366.3,17:16:06,2,8,10,8,100m
655.1,1790529371.3,17:16:11,2,8,10,8,100m
660.1,1790529376.3,17:16:16,2,2,8,2,100m
665.1,1790529381.3,17:16:21,2,2,8,2,100m
670.1,1790529386.3,17:16:26,2,2,8,2,100m
675.1,1790529391.3,17:16:31,2,2,2,2,100m
680.1,1790529396.3,17:16:36,2,2,2,2,100m
685.1,1790529401.3,17:16:41,2,2,2,2,100m
690.1,1790529406.3,17:16:46,2,2,2,2,100m
695.1,1790529411.3,17:16:51,2,2,2,2,100m
700.1,1790529416.3,17:16:56,2,2,2,2,100m
705.1,1790529421.3,17:17:01,2,2,2,2,100m
710.1,1790529426.3,17:17:06,2,2,2,2,100m
715.1,1790529431.3,17:17:11,2,2,2,2,100m
720.1,1790529436.3,17:17:16,2,2,2,2,100m
725.1,1790529441.3,17:17:21,2,2,2,2,100m
730.1,1790529446.3,17:17:26,2,2,2,2,100m
735.1,1790529451.3,17:17:31,2,2,2,2,100m
740.1,1790529456.3,17:17:36,2,2,2,2,100m
745.1,1790529461.3,17:17:41,2,2,2,2,100m
750.1,1790529466.3,17:17:46,2,2,2,2,100m
755.1,1790529471.3,17:17:51,2,2,2,2,100m
760.1,1790529476.3,17:17:56,2,2,2,2,100m
765.1,1790529481.3,17:18:01,2,2,2,2,100m
770.1,1790529486.3,17:18:06,2,2,2,2,100m
775.1,1790529491.3,17:18:11,2,2,2,2,100m
780.1,1790529496.3,17:18:16,2,2,2,2,100m
785.1,1790529501.3,17:18:21,2,2,2,2,100m
790.1,1790529506.3,17:18:26,2,2,2,2,100m
795.1,1790529511.3,17:18:31,2,2,2,2,100m
800.1,1790529516.3,17:18:36,2,2,2,2,100m
805.1,1790529521.3,17:18:41,2,2,2,2,100m
810.1,1790529526.3,17:18:46,2,2,2,2,100m
815.1,1790529531.3,17:18:51,2,2,2,2,100m
820.1,1790529536.3,17:18:56,2,2,2,2,100m
825.1,1790529541.3,17:19:01,2,2,2,2,100m
